sequenceId,ParameterKey,ParameterValue
1_01,expgroup,feedback
1_01,psy_safe,4.690476190476191
1_01,tot_mark_noWebPA,57.375
1_01,mark_final_incWebPA,58.43333333333334
1_02,expgroup,feedback
1_02,psy_safe,5.126984126984127
1_02,tot_mark_noWebPA,59.666666666666664
1_02,mark_final_incWebPA,56.38333333333333
1_03,expgroup,feedback
1_03,psy_safe,5.928571428571428
1_03,tot_mark_noWebPA,61.916666666666664
1_03,mark_final_incWebPA,58.48333333333333
1_04,expgroup,feedback
1_04,psy_safe,4.484126984126983
1_04,tot_mark_noWebPA,61.583333333333336
1_04,mark_final_incWebPA,61.86666666666667
1_05,expgroup,feedback
1_05,psy_safe,5.586507936507936
1_05,tot_mark_noWebPA,63.083333333333336
1_05,mark_final_incWebPA,64.31666666666668
1_06,expgroup,feedback
1_06,psy_safe,5.3619047619047615
1_06,tot_mark_noWebPA,64.8
1_06,mark_final_incWebPA,64.88
1_07,expgroup,feedback
1_07,psy_safe,5.289285714285715
1_07,tot_mark_noWebPA,63.666666666666664
1_07,mark_final_incWebPA,64.15
1_08,expgroup,feedback
1_08,psy_safe,5.339285714285714
1_08,tot_mark_noWebPA,66.33333333333333
1_08,mark_final_incWebPA,62.449999999999996
1_09,expgroup,feedback
1_09,psy_safe,4.828571428571428
1_09,tot_mark_noWebPA,64.75
1_09,mark_final_incWebPA,64.6
1_10,expgroup,feedback
1_10,psy_safe,4.885714285714286
1_10,tot_mark_noWebPA,59.416666666666664
1_10,mark_final_incWebPA,51.916666666666664
1_11,expgroup,feedback
1_11,psy_safe,5.531746031746032
1_11,tot_mark_noWebPA,64.45833333333333
1_11,mark_final_incWebPA,67.13333333333334
1_12,expgroup,feedback
1_12,psy_safe,5.514285714285714
1_12,tot_mark_noWebPA,67.0
1_12,mark_final_incWebPA,65.24000000000001
1_13,expgroup,control
1_13,psy_safe,5.549603174603174
1_13,tot_mark_noWebPA,63.666666666666664
1_13,mark_final_incWebPA,67.9
1_14,expgroup,control
1_14,psy_safe,5.068160597572362
1_14,tot_mark_noWebPA,63.208333333333336
1_14,mark_final_incWebPA,67.08333333333333
1_15,expgroup,control
1_15,psy_safe,6.435714285714286
1_15,tot_mark_noWebPA,66.8
1_15,mark_final_incWebPA,65.62
1_16,expgroup,control
1_16,psy_safe,5.735714285714286
1_16,tot_mark_noWebPA,65.3
1_16,mark_final_incWebPA,70.34
1_17,expgroup,control
1_17,psy_safe,5.283730158730158
1_17,tot_mark_noWebPA,68.875
1_17,mark_final_incWebPA,70.38333333333333
1_18,expgroup,control
1_18,psy_safe,6.317019400352733
1_18,tot_mark_noWebPA,68.08333333333333
1_18,mark_final_incWebPA,68.65
1_19,expgroup,control
1_19,psy_safe,6.160714285714286
1_19,tot_mark_noWebPA,67.16666666666667
1_19,mark_final_incWebPA,67.81666666666668
1_20,expgroup,control
1_20,psy_safe,5.97310405643739
1_20,tot_mark_noWebPA,64.91666666666667
1_20,mark_final_incWebPA,62.76666666666666
1_21,expgroup,control
1_21,psy_safe,5.991071428571428
1_21,tot_mark_noWebPA,65.6
1_21,mark_final_incWebPA,56.24000000000001
1_22,expgroup,control
1_22,psy_safe,5.821428571428572
1_22,tot_mark_noWebPA,68.375
1_22,mark_final_incWebPA,66.41666666666667
1_23,expgroup,control
1_23,psy_safe,5.660714285714286
1_23,tot_mark_noWebPA,67.33333333333333
1_23,mark_final_incWebPA,68.11666666666667
1_24,expgroup,control
1_24,psy_safe,5.571428571428572
1_24,tot_mark_noWebPA,70.29166666666667
1_24,mark_final_incWebPA,68.36666666666667
1_25,expgroup,control
1_25,psy_safe,5.6
1_25,tot_mark_noWebPA,66.25
1_25,mark_final_incWebPA,65.24
1_26,expgroup,control
1_26,psy_safe,5.833333333333333
1_26,tot_mark_noWebPA,64.83333333333333
1_26,mark_final_incWebPA,64.96666666666667
1_27,expgroup,control
1_27,psy_safe,5.444444444444444
1_27,tot_mark_noWebPA,64.75
1_27,mark_final_incWebPA,66.88333333333334
1_28,expgroup,control
1_28,psy_safe,5.398809523809525
1_28,tot_mark_noWebPA,67.16666666666667
1_28,mark_final_incWebPA,64.64999999999999
1_29,expgroup,control
1_29,psy_safe,5.384920634920635
1_29,tot_mark_noWebPA,63.916666666666664
1_29,mark_final_incWebPA,64.83333333333333
1_30,expgroup,control
1_30,psy_safe,5.83531746031746
1_30,tot_mark_noWebPA,65.25
1_30,mark_final_incWebPA,65.91666666666666
1_31,expgroup,control
1_31,psy_safe,6.130952380952382
1_31,tot_mark_noWebPA,62.25
1_31,mark_final_incWebPA,62.449999999999996
1_32,expgroup,control
1_32,psy_safe,5.8213919413919415
1_32,tot_mark_noWebPA,68.8
1_32,mark_final_incWebPA,69.96000000000001
2_01,expgroup,feedback
2_01,psy_safe,4.690476190476191
2_01,tot_mark_noWebPA,57.375
2_01,mark_final_incWebPA,58.43333333333334
2_02,expgroup,feedback
2_02,psy_safe,5.126984126984127
2_02,tot_mark_noWebPA,59.666666666666664
2_02,mark_final_incWebPA,56.38333333333333
2_03,expgroup,feedback
2_03,psy_safe,5.928571428571428
2_03,tot_mark_noWebPA,61.916666666666664
2_03,mark_final_incWebPA,58.48333333333333
2_05,expgroup,feedback
2_05,psy_safe,5.586507936507936
2_05,tot_mark_noWebPA,63.083333333333336
2_05,mark_final_incWebPA,64.31666666666668
2_06,expgroup,feedback
2_06,psy_safe,5.3619047619047615
2_06,tot_mark_noWebPA,64.8
2_06,mark_final_incWebPA,64.88
2_07,expgroup,feedback
2_07,psy_safe,5.289285714285715
2_07,tot_mark_noWebPA,63.666666666666664
2_07,mark_final_incWebPA,64.15
2_08,expgroup,feedback
2_08,psy_safe,5.339285714285714
2_08,tot_mark_noWebPA,66.33333333333333
2_08,mark_final_incWebPA,62.449999999999996
2_10,expgroup,feedback
2_10,psy_safe,4.885714285714286
2_10,tot_mark_noWebPA,59.416666666666664
2_10,mark_final_incWebPA,51.916666666666664
2_11,expgroup,feedback
2_11,psy_safe,5.531746031746032
2_11,tot_mark_noWebPA,64.45833333333333
2_11,mark_final_incWebPA,67.13333333333334
2_12,expgroup,feedback
2_12,psy_safe,5.514285714285714
2_12,tot_mark_noWebPA,67.0
2_12,mark_final_incWebPA,65.24000000000001
2_32,expgroup,control
2_32,psy_safe,5.8213919413919415
2_32,tot_mark_noWebPA,68.8
2_32,mark_final_incWebPA,69.96000000000001
3_01,expgroup,feedback
3_01,psy_safe,4.690476190476191
3_01,tot_mark_noWebPA,57.375
3_01,mark_final_incWebPA,58.43333333333334
3_02,expgroup,feedback
3_02,psy_safe,5.126984126984127
3_02,tot_mark_noWebPA,59.666666666666664
3_02,mark_final_incWebPA,56.38333333333333
3_03,expgroup,feedback
3_03,psy_safe,5.928571428571428
3_03,tot_mark_noWebPA,61.916666666666664
3_03,mark_final_incWebPA,58.48333333333333
3_04,expgroup,feedback
3_04,psy_safe,4.484126984126983
3_04,tot_mark_noWebPA,61.583333333333336
3_04,mark_final_incWebPA,61.86666666666667
3_05,expgroup,feedback
3_05,psy_safe,5.586507936507936
3_05,tot_mark_noWebPA,63.083333333333336
3_05,mark_final_incWebPA,64.31666666666668
3_06,expgroup,feedback
3_06,psy_safe,5.3619047619047615
3_06,tot_mark_noWebPA,64.8
3_06,mark_final_incWebPA,64.88
3_07,expgroup,feedback
3_07,psy_safe,5.289285714285715
3_07,tot_mark_noWebPA,63.666666666666664
3_07,mark_final_incWebPA,64.15
3_08,expgroup,feedback
3_08,psy_safe,5.339285714285714
3_08,tot_mark_noWebPA,66.33333333333333
3_08,mark_final_incWebPA,62.449999999999996
3_09,expgroup,feedback
3_09,psy_safe,4.828571428571428
3_09,tot_mark_noWebPA,64.75
3_09,mark_final_incWebPA,64.6
3_10,expgroup,feedback
3_10,psy_safe,4.885714285714286
3_10,tot_mark_noWebPA,59.416666666666664
3_10,mark_final_incWebPA,51.916666666666664
3_11,expgroup,feedback
3_11,psy_safe,5.531746031746032
3_11,tot_mark_noWebPA,64.45833333333333
3_11,mark_final_incWebPA,67.13333333333334
3_12,expgroup,feedback
3_12,psy_safe,5.514285714285714
3_12,tot_mark_noWebPA,67.0
3_12,mark_final_incWebPA,65.24000000000001
3_13,expgroup,control
3_13,psy_safe,5.549603174603174
3_13,tot_mark_noWebPA,63.666666666666664
3_13,mark_final_incWebPA,67.9
3_14,expgroup,control
3_14,psy_safe,5.068160597572362
3_14,tot_mark_noWebPA,63.208333333333336
3_14,mark_final_incWebPA,67.08333333333333
3_15,expgroup,control
3_15,psy_safe,6.435714285714286
3_15,tot_mark_noWebPA,66.8
3_15,mark_final_incWebPA,65.62
3_16,expgroup,control
3_16,psy_safe,5.735714285714286
3_16,tot_mark_noWebPA,65.3
3_16,mark_final_incWebPA,70.34
3_17,expgroup,control
3_17,psy_safe,5.283730158730158
3_17,tot_mark_noWebPA,68.875
3_17,mark_final_incWebPA,70.38333333333333
3_18,expgroup,control
3_18,psy_safe,6.317019400352733
3_18,tot_mark_noWebPA,68.08333333333333
3_18,mark_final_incWebPA,68.65
3_19,expgroup,control
3_19,psy_safe,6.160714285714286
3_19,tot_mark_noWebPA,67.16666666666667
3_19,mark_final_incWebPA,67.81666666666668
3_20,expgroup,control
3_20,psy_safe,5.97310405643739
3_20,tot_mark_noWebPA,64.91666666666667
3_20,mark_final_incWebPA,62.76666666666666
3_21,expgroup,control
3_21,psy_safe,5.991071428571428
3_21,tot_mark_noWebPA,65.6
3_21,mark_final_incWebPA,56.24000000000001
3_22,expgroup,control
3_22,psy_safe,5.821428571428572
3_22,tot_mark_noWebPA,68.375
3_22,mark_final_incWebPA,66.41666666666667
3_23,expgroup,control
3_23,psy_safe,5.660714285714286
3_23,tot_mark_noWebPA,67.33333333333333
3_23,mark_final_incWebPA,68.11666666666667
3_24,expgroup,control
3_24,psy_safe,5.571428571428572
3_24,tot_mark_noWebPA,70.29166666666667
3_24,mark_final_incWebPA,68.36666666666667
3_25,expgroup,control
3_25,psy_safe,5.6
3_25,tot_mark_noWebPA,66.25
3_25,mark_final_incWebPA,65.24
3_26,expgroup,control
3_26,psy_safe,5.833333333333333
3_26,tot_mark_noWebPA,64.83333333333333
3_26,mark_final_incWebPA,64.96666666666667
3_27,expgroup,control
3_27,psy_safe,5.444444444444444
3_27,tot_mark_noWebPA,64.75
3_27,mark_final_incWebPA,66.88333333333334
3_28,expgroup,control
3_28,psy_safe,5.398809523809525
3_28,tot_mark_noWebPA,67.16666666666667
3_28,mark_final_incWebPA,64.64999999999999
3_29,expgroup,control
3_29,psy_safe,5.384920634920635
3_29,tot_mark_noWebPA,63.916666666666664
3_29,mark_final_incWebPA,64.83333333333333
3_30,expgroup,control
3_30,psy_safe,5.83531746031746
3_30,tot_mark_noWebPA,65.25
3_30,mark_final_incWebPA,65.91666666666666
3_31,expgroup,control
3_31,psy_safe,6.130952380952382
3_31,tot_mark_noWebPA,62.25
3_31,mark_final_incWebPA,62.449999999999996
3_32,expgroup,control
3_32,psy_safe,5.8213919413919415
3_32,tot_mark_noWebPA,68.8
3_32,mark_final_incWebPA,69.96000000000001
4_01,expgroup,feedback
4_01,psy_safe,4.690476190476191
4_01,tot_mark_noWebPA,57.375
4_01,mark_final_incWebPA,58.43333333333334
4_02,expgroup,feedback
4_02,psy_safe,5.126984126984127
4_02,tot_mark_noWebPA,59.666666666666664
4_02,mark_final_incWebPA,56.38333333333333
4_03,expgroup,feedback
4_03,psy_safe,5.928571428571428
4_03,tot_mark_noWebPA,61.916666666666664
4_03,mark_final_incWebPA,58.48333333333333
4_06,expgroup,feedback
4_06,psy_safe,5.3619047619047615
4_06,tot_mark_noWebPA,64.8
4_06,mark_final_incWebPA,64.88
4_07,expgroup,feedback
4_07,psy_safe,5.289285714285715
4_07,tot_mark_noWebPA,63.666666666666664
4_07,mark_final_incWebPA,64.15
4_08,expgroup,feedback
4_08,psy_safe,5.339285714285714
4_08,tot_mark_noWebPA,66.33333333333333
4_08,mark_final_incWebPA,62.449999999999996
4_10,expgroup,feedback
4_10,psy_safe,4.885714285714286
4_10,tot_mark_noWebPA,59.416666666666664
4_10,mark_final_incWebPA,51.916666666666664
4_11,expgroup,feedback
4_11,psy_safe,5.531746031746032
4_11,tot_mark_noWebPA,64.45833333333333
4_11,mark_final_incWebPA,67.13333333333334
4_12,expgroup,feedback
4_12,psy_safe,5.514285714285714
4_12,tot_mark_noWebPA,67.0
4_12,mark_final_incWebPA,65.24000000000001
4_32,expgroup,control
4_32,psy_safe,5.8213919413919415
4_32,tot_mark_noWebPA,68.8
4_32,mark_final_incWebPA,69.96000000000001
5_01,expgroup,feedback
5_01,psy_safe,4.690476190476191
5_01,tot_mark_noWebPA,57.375
5_01,mark_final_incWebPA,58.43333333333334
5_02,expgroup,feedback
5_02,psy_safe,5.126984126984127
5_02,tot_mark_noWebPA,59.666666666666664
5_02,mark_final_incWebPA,56.38333333333333
5_03,expgroup,feedback
5_03,psy_safe,5.928571428571428
5_03,tot_mark_noWebPA,61.916666666666664
5_03,mark_final_incWebPA,58.48333333333333
5_04,expgroup,feedback
5_04,psy_safe,4.484126984126983
5_04,tot_mark_noWebPA,61.583333333333336
5_04,mark_final_incWebPA,61.86666666666667
5_05,expgroup,feedback
5_05,psy_safe,5.586507936507936
5_05,tot_mark_noWebPA,63.083333333333336
5_05,mark_final_incWebPA,64.31666666666668
5_06,expgroup,feedback
5_06,psy_safe,5.3619047619047615
5_06,tot_mark_noWebPA,64.8
5_06,mark_final_incWebPA,64.88
5_07,expgroup,feedback
5_07,psy_safe,5.289285714285715
5_07,tot_mark_noWebPA,63.666666666666664
5_07,mark_final_incWebPA,64.15
5_08,expgroup,feedback
5_08,psy_safe,5.339285714285714
5_08,tot_mark_noWebPA,66.33333333333333
5_08,mark_final_incWebPA,62.449999999999996
5_09,expgroup,feedback
5_09,psy_safe,4.828571428571428
5_09,tot_mark_noWebPA,64.75
5_09,mark_final_incWebPA,64.6
5_10,expgroup,feedback
5_10,psy_safe,4.885714285714286
5_10,tot_mark_noWebPA,59.416666666666664
5_10,mark_final_incWebPA,51.916666666666664
5_11,expgroup,feedback
5_11,psy_safe,5.531746031746032
5_11,tot_mark_noWebPA,64.45833333333333
5_11,mark_final_incWebPA,67.13333333333334
5_12,expgroup,feedback
5_12,psy_safe,5.514285714285714
5_12,tot_mark_noWebPA,67.0
5_12,mark_final_incWebPA,65.24000000000001
5_13,expgroup,control
5_13,psy_safe,5.549603174603174
5_13,tot_mark_noWebPA,63.666666666666664
5_13,mark_final_incWebPA,67.9
5_14,expgroup,control
5_14,psy_safe,5.068160597572362
5_14,tot_mark_noWebPA,63.208333333333336
5_14,mark_final_incWebPA,67.08333333333333
5_15,expgroup,control
5_15,psy_safe,6.435714285714286
5_15,tot_mark_noWebPA,66.8
5_15,mark_final_incWebPA,65.62
5_16,expgroup,control
5_16,psy_safe,5.735714285714286
5_16,tot_mark_noWebPA,65.3
5_16,mark_final_incWebPA,70.34
5_17,expgroup,control
5_17,psy_safe,5.283730158730158
5_17,tot_mark_noWebPA,68.875
5_17,mark_final_incWebPA,70.38333333333333
5_18,expgroup,control
5_18,psy_safe,6.317019400352733
5_18,tot_mark_noWebPA,68.08333333333333
5_18,mark_final_incWebPA,68.65
5_19,expgroup,control
5_19,psy_safe,6.160714285714286
5_19,tot_mark_noWebPA,67.16666666666667
5_19,mark_final_incWebPA,67.81666666666668
5_20,expgroup,control
5_20,psy_safe,5.97310405643739
5_20,tot_mark_noWebPA,64.91666666666667
5_20,mark_final_incWebPA,62.76666666666666
5_21,expgroup,control
5_21,psy_safe,5.991071428571428
5_21,tot_mark_noWebPA,65.6
5_21,mark_final_incWebPA,56.24000000000001
5_22,expgroup,control
5_22,psy_safe,5.821428571428572
5_22,tot_mark_noWebPA,68.375
5_22,mark_final_incWebPA,66.41666666666667
5_23,expgroup,control
5_23,psy_safe,5.660714285714286
5_23,tot_mark_noWebPA,67.33333333333333
5_23,mark_final_incWebPA,68.11666666666667
5_24,expgroup,control
5_24,psy_safe,5.571428571428572
5_24,tot_mark_noWebPA,70.29166666666667
5_24,mark_final_incWebPA,68.36666666666667
5_25,expgroup,control
5_25,psy_safe,5.6
5_25,tot_mark_noWebPA,66.25
5_25,mark_final_incWebPA,65.24
5_26,expgroup,control
5_26,psy_safe,5.833333333333333
5_26,tot_mark_noWebPA,64.83333333333333
5_26,mark_final_incWebPA,64.96666666666667
5_28,expgroup,control
5_28,psy_safe,5.398809523809525
5_28,tot_mark_noWebPA,67.16666666666667
5_28,mark_final_incWebPA,64.64999999999999
5_29,expgroup,control
5_29,psy_safe,5.384920634920635
5_29,tot_mark_noWebPA,63.916666666666664
5_29,mark_final_incWebPA,64.83333333333333
5_30,expgroup,control
5_30,psy_safe,5.83531746031746
5_30,tot_mark_noWebPA,65.25
5_30,mark_final_incWebPA,65.91666666666666
5_31,expgroup,control
5_31,psy_safe,6.130952380952382
5_31,tot_mark_noWebPA,62.25
5_31,mark_final_incWebPA,62.449999999999996
5_32,expgroup,control
5_32,psy_safe,5.8213919413919415
5_32,tot_mark_noWebPA,68.8
5_32,mark_final_incWebPA,69.96000000000001
6_01,expgroup,feedback
6_01,psy_safe,4.690476190476191
6_01,tot_mark_noWebPA,57.375
6_01,mark_final_incWebPA,58.43333333333334
6_02,expgroup,feedback
6_02,psy_safe,5.126984126984127
6_02,tot_mark_noWebPA,59.666666666666664
6_02,mark_final_incWebPA,56.38333333333333
6_03,expgroup,feedback
6_03,psy_safe,5.928571428571428
6_03,tot_mark_noWebPA,61.916666666666664
6_03,mark_final_incWebPA,58.48333333333333
6_05,expgroup,feedback
6_05,psy_safe,5.586507936507936
6_05,tot_mark_noWebPA,63.083333333333336
6_05,mark_final_incWebPA,64.31666666666668
6_06,expgroup,feedback
6_06,psy_safe,5.3619047619047615
6_06,tot_mark_noWebPA,64.8
6_06,mark_final_incWebPA,64.88
6_07,expgroup,feedback
6_07,psy_safe,5.289285714285715
6_07,tot_mark_noWebPA,63.666666666666664
6_07,mark_final_incWebPA,64.15
6_08,expgroup,feedback
6_08,psy_safe,5.339285714285714
6_08,tot_mark_noWebPA,66.33333333333333
6_08,mark_final_incWebPA,62.449999999999996
6_10,expgroup,feedback
6_10,psy_safe,4.885714285714286
6_10,tot_mark_noWebPA,59.416666666666664
6_10,mark_final_incWebPA,51.916666666666664
6_11,expgroup,feedback
6_11,psy_safe,5.531746031746032
6_11,tot_mark_noWebPA,64.45833333333333
6_11,mark_final_incWebPA,67.13333333333334
6_12,expgroup,feedback
6_12,psy_safe,5.514285714285714
6_12,tot_mark_noWebPA,67.0
6_12,mark_final_incWebPA,65.24000000000001
6_32,expgroup,control
6_32,psy_safe,5.8213919413919415
6_32,tot_mark_noWebPA,68.8
6_32,mark_final_incWebPA,69.96000000000001
7_01,expgroup,feedback
7_01,psy_safe,4.690476190476191
7_01,tot_mark_noWebPA,57.375
7_01,mark_final_incWebPA,58.43333333333334
7_02,expgroup,feedback
7_02,psy_safe,5.126984126984127
7_02,tot_mark_noWebPA,59.666666666666664
7_02,mark_final_incWebPA,56.38333333333333
7_03,expgroup,feedback
7_03,psy_safe,5.928571428571428
7_03,tot_mark_noWebPA,61.916666666666664
7_03,mark_final_incWebPA,58.48333333333333
7_04,expgroup,feedback
7_04,psy_safe,4.484126984126983
7_04,tot_mark_noWebPA,61.583333333333336
7_04,mark_final_incWebPA,61.86666666666667
7_05,expgroup,feedback
7_05,psy_safe,5.586507936507936
7_05,tot_mark_noWebPA,63.083333333333336
7_05,mark_final_incWebPA,64.31666666666668
7_06,expgroup,feedback
7_06,psy_safe,5.3619047619047615
7_06,tot_mark_noWebPA,64.8
7_06,mark_final_incWebPA,64.88
7_07,expgroup,feedback
7_07,psy_safe,5.289285714285715
7_07,tot_mark_noWebPA,63.666666666666664
7_07,mark_final_incWebPA,64.15
7_08,expgroup,feedback
7_08,psy_safe,5.339285714285714
7_08,tot_mark_noWebPA,66.33333333333333
7_08,mark_final_incWebPA,62.449999999999996
7_09,expgroup,feedback
7_09,psy_safe,4.828571428571428
7_09,tot_mark_noWebPA,64.75
7_09,mark_final_incWebPA,64.6
7_10,expgroup,feedback
7_10,psy_safe,4.885714285714286
7_10,tot_mark_noWebPA,59.416666666666664
7_10,mark_final_incWebPA,51.916666666666664
7_11,expgroup,feedback
7_11,psy_safe,5.531746031746032
7_11,tot_mark_noWebPA,64.45833333333333
7_11,mark_final_incWebPA,67.13333333333334
7_12,expgroup,feedback
7_12,psy_safe,5.514285714285714
7_12,tot_mark_noWebPA,67.0
7_12,mark_final_incWebPA,65.24000000000001
7_13,expgroup,control
7_13,psy_safe,5.549603174603174
7_13,tot_mark_noWebPA,63.666666666666664
7_13,mark_final_incWebPA,67.9
7_14,expgroup,control
7_14,psy_safe,5.068160597572362
7_14,tot_mark_noWebPA,63.208333333333336
7_14,mark_final_incWebPA,67.08333333333333
7_15,expgroup,control
7_15,psy_safe,6.435714285714286
7_15,tot_mark_noWebPA,66.8
7_15,mark_final_incWebPA,65.62
7_16,expgroup,control
7_16,psy_safe,5.735714285714286
7_16,tot_mark_noWebPA,65.3
7_16,mark_final_incWebPA,70.34
7_17,expgroup,control
7_17,psy_safe,5.283730158730158
7_17,tot_mark_noWebPA,68.875
7_17,mark_final_incWebPA,70.38333333333333
7_18,expgroup,control
7_18,psy_safe,6.317019400352733
7_18,tot_mark_noWebPA,68.08333333333333
7_18,mark_final_incWebPA,68.65
7_19,expgroup,control
7_19,psy_safe,6.160714285714286
7_19,tot_mark_noWebPA,67.16666666666667
7_19,mark_final_incWebPA,67.81666666666668
7_20,expgroup,control
7_20,psy_safe,5.97310405643739
7_20,tot_mark_noWebPA,64.91666666666667
7_20,mark_final_incWebPA,62.76666666666666
7_21,expgroup,control
7_21,psy_safe,5.991071428571428
7_21,tot_mark_noWebPA,65.6
7_21,mark_final_incWebPA,56.24000000000001
7_22,expgroup,control
7_22,psy_safe,5.821428571428572
7_22,tot_mark_noWebPA,68.375
7_22,mark_final_incWebPA,66.41666666666667
7_23,expgroup,control
7_23,psy_safe,5.660714285714286
7_23,tot_mark_noWebPA,67.33333333333333
7_23,mark_final_incWebPA,68.11666666666667
7_24,expgroup,control
7_24,psy_safe,5.571428571428572
7_24,tot_mark_noWebPA,70.29166666666667
7_24,mark_final_incWebPA,68.36666666666667
7_25,expgroup,control
7_25,psy_safe,5.6
7_25,tot_mark_noWebPA,66.25
7_25,mark_final_incWebPA,65.24
7_26,expgroup,control
7_26,psy_safe,5.833333333333333
7_26,tot_mark_noWebPA,64.83333333333333
7_26,mark_final_incWebPA,64.96666666666667
7_27,expgroup,control
7_27,psy_safe,5.444444444444444
7_27,tot_mark_noWebPA,64.75
7_27,mark_final_incWebPA,66.88333333333334
7_28,expgroup,control
7_28,psy_safe,5.398809523809525
7_28,tot_mark_noWebPA,67.16666666666667
7_28,mark_final_incWebPA,64.64999999999999
7_29,expgroup,control
7_29,psy_safe,5.384920634920635
7_29,tot_mark_noWebPA,63.916666666666664
7_29,mark_final_incWebPA,64.83333333333333
7_30,expgroup,control
7_30,psy_safe,5.83531746031746
7_30,tot_mark_noWebPA,65.25
7_30,mark_final_incWebPA,65.91666666666666
7_31,expgroup,control
7_31,psy_safe,6.130952380952382
7_31,tot_mark_noWebPA,62.25
7_31,mark_final_incWebPA,62.449999999999996
7_32,expgroup,control
7_32,psy_safe,5.8213919413919415
7_32,tot_mark_noWebPA,68.8
7_32,mark_final_incWebPA,69.96000000000001
8_01,expgroup,feedback
8_01,psy_safe,4.690476190476191
8_01,tot_mark_noWebPA,57.375
8_01,mark_final_incWebPA,58.43333333333334
8_02,expgroup,feedback
8_02,psy_safe,5.126984126984127
8_02,tot_mark_noWebPA,59.666666666666664
8_02,mark_final_incWebPA,56.38333333333333
8_03,expgroup,feedback
8_03,psy_safe,5.928571428571428
8_03,tot_mark_noWebPA,61.916666666666664
8_03,mark_final_incWebPA,58.48333333333333
8_04,expgroup,feedback
8_04,psy_safe,4.484126984126983
8_04,tot_mark_noWebPA,61.583333333333336
8_04,mark_final_incWebPA,61.86666666666667
8_05,expgroup,feedback
8_05,psy_safe,5.586507936507936
8_05,tot_mark_noWebPA,63.083333333333336
8_05,mark_final_incWebPA,64.31666666666668
8_06,expgroup,feedback
8_06,psy_safe,5.3619047619047615
8_06,tot_mark_noWebPA,64.8
8_06,mark_final_incWebPA,64.88
8_07,expgroup,feedback
8_07,psy_safe,5.289285714285715
8_07,tot_mark_noWebPA,63.666666666666664
8_07,mark_final_incWebPA,64.15
8_08,expgroup,feedback
8_08,psy_safe,5.339285714285714
8_08,tot_mark_noWebPA,66.33333333333333
8_08,mark_final_incWebPA,62.449999999999996
8_09,expgroup,feedback
8_09,psy_safe,4.828571428571428
8_09,tot_mark_noWebPA,64.75
8_09,mark_final_incWebPA,64.6
8_10,expgroup,feedback
8_10,psy_safe,4.885714285714286
8_10,tot_mark_noWebPA,59.416666666666664
8_10,mark_final_incWebPA,51.916666666666664
8_11,expgroup,feedback
8_11,psy_safe,5.531746031746032
8_11,tot_mark_noWebPA,64.45833333333333
8_11,mark_final_incWebPA,67.13333333333334
8_12,expgroup,feedback
8_12,psy_safe,5.514285714285714
8_12,tot_mark_noWebPA,67.0
8_12,mark_final_incWebPA,65.24000000000001
8_13,expgroup,control
8_13,psy_safe,5.549603174603174
8_13,tot_mark_noWebPA,63.666666666666664
8_13,mark_final_incWebPA,67.9
8_14,expgroup,control
8_14,psy_safe,5.068160597572362
8_14,tot_mark_noWebPA,63.208333333333336
8_14,mark_final_incWebPA,67.08333333333333
8_15,expgroup,control
8_15,psy_safe,6.435714285714286
8_15,tot_mark_noWebPA,66.8
8_15,mark_final_incWebPA,65.62
8_16,expgroup,control
8_16,psy_safe,5.735714285714286
8_16,tot_mark_noWebPA,65.3
8_16,mark_final_incWebPA,70.34
8_17,expgroup,control
8_17,psy_safe,5.283730158730158
8_17,tot_mark_noWebPA,68.875
8_17,mark_final_incWebPA,70.38333333333333
8_18,expgroup,control
8_18,psy_safe,6.317019400352733
8_18,tot_mark_noWebPA,68.08333333333333
8_18,mark_final_incWebPA,68.65
8_19,expgroup,control
8_19,psy_safe,6.160714285714286
8_19,tot_mark_noWebPA,67.16666666666667
8_19,mark_final_incWebPA,67.81666666666668
8_20,expgroup,control
8_20,psy_safe,5.97310405643739
8_20,tot_mark_noWebPA,64.91666666666667
8_20,mark_final_incWebPA,62.76666666666666
8_21,expgroup,control
8_21,psy_safe,5.991071428571428
8_21,tot_mark_noWebPA,65.6
8_21,mark_final_incWebPA,56.24000000000001
8_22,expgroup,control
8_22,psy_safe,5.821428571428572
8_22,tot_mark_noWebPA,68.375
8_22,mark_final_incWebPA,66.41666666666667
8_23,expgroup,control
8_23,psy_safe,5.660714285714286
8_23,tot_mark_noWebPA,67.33333333333333
8_23,mark_final_incWebPA,68.11666666666667
8_24,expgroup,control
8_24,psy_safe,5.571428571428572
8_24,tot_mark_noWebPA,70.29166666666667
8_24,mark_final_incWebPA,68.36666666666667
8_25,expgroup,control
8_25,psy_safe,5.6
8_25,tot_mark_noWebPA,66.25
8_25,mark_final_incWebPA,65.24
8_26,expgroup,control
8_26,psy_safe,5.833333333333333
8_26,tot_mark_noWebPA,64.83333333333333
8_26,mark_final_incWebPA,64.96666666666667
8_27,expgroup,control
8_27,psy_safe,5.444444444444444
8_27,tot_mark_noWebPA,64.75
8_27,mark_final_incWebPA,66.88333333333334
8_28,expgroup,control
8_28,psy_safe,5.398809523809525
8_28,tot_mark_noWebPA,67.16666666666667
8_28,mark_final_incWebPA,64.64999999999999
8_29,expgroup,control
8_29,psy_safe,5.384920634920635
8_29,tot_mark_noWebPA,63.916666666666664
8_29,mark_final_incWebPA,64.83333333333333
8_30,expgroup,control
8_30,psy_safe,5.83531746031746
8_30,tot_mark_noWebPA,65.25
8_30,mark_final_incWebPA,65.91666666666666
8_31,expgroup,control
8_31,psy_safe,6.130952380952382
8_31,tot_mark_noWebPA,62.25
8_31,mark_final_incWebPA,62.449999999999996
8_32,expgroup,control
8_32,psy_safe,5.8213919413919415
8_32,tot_mark_noWebPA,68.8
8_32,mark_final_incWebPA,69.96000000000001
9_01,expgroup,feedback
9_01,psy_safe,4.690476190476191
9_01,tot_mark_noWebPA,57.375
9_01,mark_final_incWebPA,58.43333333333334
9_02,expgroup,feedback
9_02,psy_safe,5.126984126984127
9_02,tot_mark_noWebPA,59.666666666666664
9_02,mark_final_incWebPA,56.38333333333333
9_03,expgroup,feedback
9_03,psy_safe,5.928571428571428
9_03,tot_mark_noWebPA,61.916666666666664
9_03,mark_final_incWebPA,58.48333333333333
9_05,expgroup,feedback
9_05,psy_safe,5.586507936507936
9_05,tot_mark_noWebPA,63.083333333333336
9_05,mark_final_incWebPA,64.31666666666668
9_06,expgroup,feedback
9_06,psy_safe,5.3619047619047615
9_06,tot_mark_noWebPA,64.8
9_06,mark_final_incWebPA,64.88
9_07,expgroup,feedback
9_07,psy_safe,5.289285714285715
9_07,tot_mark_noWebPA,63.666666666666664
9_07,mark_final_incWebPA,64.15
9_08,expgroup,feedback
9_08,psy_safe,5.339285714285714
9_08,tot_mark_noWebPA,66.33333333333333
9_08,mark_final_incWebPA,62.449999999999996
9_11,expgroup,feedback
9_11,psy_safe,5.531746031746032
9_11,tot_mark_noWebPA,64.45833333333333
9_11,mark_final_incWebPA,67.13333333333334
9_12,expgroup,feedback
9_12,psy_safe,5.514285714285714
9_12,tot_mark_noWebPA,67.0
9_12,mark_final_incWebPA,65.24000000000001
10_01,expgroup,feedback
10_01,psy_safe,4.690476190476191
10_01,tot_mark_noWebPA,57.375
10_01,mark_final_incWebPA,58.43333333333334
10_02,expgroup,feedback
10_02,psy_safe,5.126984126984127
10_02,tot_mark_noWebPA,59.666666666666664
10_02,mark_final_incWebPA,56.38333333333333
10_03,expgroup,feedback
10_03,psy_safe,5.928571428571428
10_03,tot_mark_noWebPA,61.916666666666664
10_03,mark_final_incWebPA,58.48333333333333
10_04,expgroup,feedback
10_04,psy_safe,4.484126984126983
10_04,tot_mark_noWebPA,61.583333333333336
10_04,mark_final_incWebPA,61.86666666666667
10_05,expgroup,feedback
10_05,psy_safe,5.586507936507936
10_05,tot_mark_noWebPA,63.083333333333336
10_05,mark_final_incWebPA,64.31666666666668
10_06,expgroup,feedback
10_06,psy_safe,5.3619047619047615
10_06,tot_mark_noWebPA,64.8
10_06,mark_final_incWebPA,64.88
10_07,expgroup,feedback
10_07,psy_safe,5.289285714285715
10_07,tot_mark_noWebPA,63.666666666666664
10_07,mark_final_incWebPA,64.15
10_08,expgroup,feedback
10_08,psy_safe,5.339285714285714
10_08,tot_mark_noWebPA,66.33333333333333
10_08,mark_final_incWebPA,62.449999999999996
10_09,expgroup,feedback
10_09,psy_safe,4.828571428571428
10_09,tot_mark_noWebPA,64.75
10_09,mark_final_incWebPA,64.6
10_10,expgroup,feedback
10_10,psy_safe,4.885714285714286
10_10,tot_mark_noWebPA,59.416666666666664
10_10,mark_final_incWebPA,51.916666666666664
10_11,expgroup,feedback
10_11,psy_safe,5.531746031746032
10_11,tot_mark_noWebPA,64.45833333333333
10_11,mark_final_incWebPA,67.13333333333334
10_12,expgroup,feedback
10_12,psy_safe,5.514285714285714
10_12,tot_mark_noWebPA,67.0
10_12,mark_final_incWebPA,65.24000000000001
10_13,expgroup,control
10_13,psy_safe,5.549603174603174
10_13,tot_mark_noWebPA,63.666666666666664
10_13,mark_final_incWebPA,67.9
10_14,expgroup,control
10_14,psy_safe,5.068160597572362
10_14,tot_mark_noWebPA,63.208333333333336
10_14,mark_final_incWebPA,67.08333333333333
10_15,expgroup,control
10_15,psy_safe,6.435714285714286
10_15,tot_mark_noWebPA,66.8
10_15,mark_final_incWebPA,65.62
10_16,expgroup,control
10_16,psy_safe,5.735714285714286
10_16,tot_mark_noWebPA,65.3
10_16,mark_final_incWebPA,70.34
10_17,expgroup,control
10_17,psy_safe,5.283730158730158
10_17,tot_mark_noWebPA,68.875
10_17,mark_final_incWebPA,70.38333333333333
10_18,expgroup,control
10_18,psy_safe,6.317019400352733
10_18,tot_mark_noWebPA,68.08333333333333
10_18,mark_final_incWebPA,68.65
10_19,expgroup,control
10_19,psy_safe,6.160714285714286
10_19,tot_mark_noWebPA,67.16666666666667
10_19,mark_final_incWebPA,67.81666666666668
10_20,expgroup,control
10_20,psy_safe,5.97310405643739
10_20,tot_mark_noWebPA,64.91666666666667
10_20,mark_final_incWebPA,62.76666666666666
10_21,expgroup,control
10_21,psy_safe,5.991071428571428
10_21,tot_mark_noWebPA,65.6
10_21,mark_final_incWebPA,56.24000000000001
10_22,expgroup,control
10_22,psy_safe,5.821428571428572
10_22,tot_mark_noWebPA,68.375
10_22,mark_final_incWebPA,66.41666666666667
10_24,expgroup,control
10_24,psy_safe,5.571428571428572
10_24,tot_mark_noWebPA,70.29166666666667
10_24,mark_final_incWebPA,68.36666666666667
10_25,expgroup,control
10_25,psy_safe,5.6
10_25,tot_mark_noWebPA,66.25
10_25,mark_final_incWebPA,65.24
10_26,expgroup,control
10_26,psy_safe,5.833333333333333
10_26,tot_mark_noWebPA,64.83333333333333
10_26,mark_final_incWebPA,64.96666666666667
10_27,expgroup,control
10_27,psy_safe,5.444444444444444
10_27,tot_mark_noWebPA,64.75
10_27,mark_final_incWebPA,66.88333333333334
10_28,expgroup,control
10_28,psy_safe,5.398809523809525
10_28,tot_mark_noWebPA,67.16666666666667
10_28,mark_final_incWebPA,64.64999999999999
10_29,expgroup,control
10_29,psy_safe,5.384920634920635
10_29,tot_mark_noWebPA,63.916666666666664
10_29,mark_final_incWebPA,64.83333333333333
10_30,expgroup,control
10_30,psy_safe,5.83531746031746
10_30,tot_mark_noWebPA,65.25
10_30,mark_final_incWebPA,65.91666666666666
10_31,expgroup,control
10_31,psy_safe,6.130952380952382
10_31,tot_mark_noWebPA,62.25
10_31,mark_final_incWebPA,62.449999999999996
10_32,expgroup,control
10_32,psy_safe,5.8213919413919415
10_32,tot_mark_noWebPA,68.8
10_32,mark_final_incWebPA,69.96000000000001
11_01,expgroup,feedback
11_01,psy_safe,4.690476190476191
11_01,tot_mark_noWebPA,57.375
11_01,mark_final_incWebPA,58.43333333333334
11_02,expgroup,feedback
11_02,psy_safe,5.126984126984127
11_02,tot_mark_noWebPA,59.666666666666664
11_02,mark_final_incWebPA,56.38333333333333
11_03,expgroup,feedback
11_03,psy_safe,5.928571428571428
11_03,tot_mark_noWebPA,61.916666666666664
11_03,mark_final_incWebPA,58.48333333333333
11_04,expgroup,feedback
11_04,psy_safe,4.484126984126983
11_04,tot_mark_noWebPA,61.583333333333336
11_04,mark_final_incWebPA,61.86666666666667
11_05,expgroup,feedback
11_05,psy_safe,5.586507936507936
11_05,tot_mark_noWebPA,63.083333333333336
11_05,mark_final_incWebPA,64.31666666666668
11_06,expgroup,feedback
11_06,psy_safe,5.3619047619047615
11_06,tot_mark_noWebPA,64.8
11_06,mark_final_incWebPA,64.88
11_07,expgroup,feedback
11_07,psy_safe,5.289285714285715
11_07,tot_mark_noWebPA,63.666666666666664
11_07,mark_final_incWebPA,64.15
11_08,expgroup,feedback
11_08,psy_safe,5.339285714285714
11_08,tot_mark_noWebPA,66.33333333333333
11_08,mark_final_incWebPA,62.449999999999996
11_09,expgroup,feedback
11_09,psy_safe,4.828571428571428
11_09,tot_mark_noWebPA,64.75
11_09,mark_final_incWebPA,64.6
11_10,expgroup,feedback
11_10,psy_safe,4.885714285714286
11_10,tot_mark_noWebPA,59.416666666666664
11_10,mark_final_incWebPA,51.916666666666664
11_11,expgroup,feedback
11_11,psy_safe,5.531746031746032
11_11,tot_mark_noWebPA,64.45833333333333
11_11,mark_final_incWebPA,67.13333333333334
11_12,expgroup,feedback
11_12,psy_safe,5.514285714285714
11_12,tot_mark_noWebPA,67.0
11_12,mark_final_incWebPA,65.24000000000001
11_13,expgroup,control
11_13,psy_safe,5.549603174603174
11_13,tot_mark_noWebPA,63.666666666666664
11_13,mark_final_incWebPA,67.9
11_14,expgroup,control
11_14,psy_safe,5.068160597572362
11_14,tot_mark_noWebPA,63.208333333333336
11_14,mark_final_incWebPA,67.08333333333333
11_15,expgroup,control
11_15,psy_safe,6.435714285714286
11_15,tot_mark_noWebPA,66.8
11_15,mark_final_incWebPA,65.62
11_16,expgroup,control
11_16,psy_safe,5.735714285714286
11_16,tot_mark_noWebPA,65.3
11_16,mark_final_incWebPA,70.34
11_17,expgroup,control
11_17,psy_safe,5.283730158730158
11_17,tot_mark_noWebPA,68.875
11_17,mark_final_incWebPA,70.38333333333333
11_18,expgroup,control
11_18,psy_safe,6.317019400352733
11_18,tot_mark_noWebPA,68.08333333333333
11_18,mark_final_incWebPA,68.65
11_19,expgroup,control
11_19,psy_safe,6.160714285714286
11_19,tot_mark_noWebPA,67.16666666666667
11_19,mark_final_incWebPA,67.81666666666668
11_20,expgroup,control
11_20,psy_safe,5.97310405643739
11_20,tot_mark_noWebPA,64.91666666666667
11_20,mark_final_incWebPA,62.76666666666666
11_21,expgroup,control
11_21,psy_safe,5.991071428571428
11_21,tot_mark_noWebPA,65.6
11_21,mark_final_incWebPA,56.24000000000001
11_22,expgroup,control
11_22,psy_safe,5.821428571428572
11_22,tot_mark_noWebPA,68.375
11_22,mark_final_incWebPA,66.41666666666667
11_23,expgroup,control
11_23,psy_safe,5.660714285714286
11_23,tot_mark_noWebPA,67.33333333333333
11_23,mark_final_incWebPA,68.11666666666667
11_24,expgroup,control
11_24,psy_safe,5.571428571428572
11_24,tot_mark_noWebPA,70.29166666666667
11_24,mark_final_incWebPA,68.36666666666667
11_25,expgroup,control
11_25,psy_safe,5.6
11_25,tot_mark_noWebPA,66.25
11_25,mark_final_incWebPA,65.24
11_26,expgroup,control
11_26,psy_safe,5.833333333333333
11_26,tot_mark_noWebPA,64.83333333333333
11_26,mark_final_incWebPA,64.96666666666667
11_27,expgroup,control
11_27,psy_safe,5.444444444444444
11_27,tot_mark_noWebPA,64.75
11_27,mark_final_incWebPA,66.88333333333334
11_28,expgroup,control
11_28,psy_safe,5.398809523809525
11_28,tot_mark_noWebPA,67.16666666666667
11_28,mark_final_incWebPA,64.64999999999999
11_29,expgroup,control
11_29,psy_safe,5.384920634920635
11_29,tot_mark_noWebPA,63.916666666666664
11_29,mark_final_incWebPA,64.83333333333333
11_30,expgroup,control
11_30,psy_safe,5.83531746031746
11_30,tot_mark_noWebPA,65.25
11_30,mark_final_incWebPA,65.91666666666666
11_31,expgroup,control
11_31,psy_safe,6.130952380952382
11_31,tot_mark_noWebPA,62.25
11_31,mark_final_incWebPA,62.449999999999996
12_01,expgroup,feedback
12_01,psy_safe,4.690476190476191
12_01,tot_mark_noWebPA,57.375
12_01,mark_final_incWebPA,58.43333333333334
12_02,expgroup,feedback
12_02,psy_safe,5.126984126984127
12_02,tot_mark_noWebPA,59.666666666666664
12_02,mark_final_incWebPA,56.38333333333333
12_03,expgroup,feedback
12_03,psy_safe,5.928571428571428
12_03,tot_mark_noWebPA,61.916666666666664
12_03,mark_final_incWebPA,58.48333333333333
12_04,expgroup,feedback
12_04,psy_safe,4.484126984126983
12_04,tot_mark_noWebPA,61.583333333333336
12_04,mark_final_incWebPA,61.86666666666667
12_05,expgroup,feedback
12_05,psy_safe,5.586507936507936
12_05,tot_mark_noWebPA,63.083333333333336
12_05,mark_final_incWebPA,64.31666666666668
12_06,expgroup,feedback
12_06,psy_safe,5.3619047619047615
12_06,tot_mark_noWebPA,64.8
12_06,mark_final_incWebPA,64.88
12_07,expgroup,feedback
12_07,psy_safe,5.289285714285715
12_07,tot_mark_noWebPA,63.666666666666664
12_07,mark_final_incWebPA,64.15
12_08,expgroup,feedback
12_08,psy_safe,5.339285714285714
12_08,tot_mark_noWebPA,66.33333333333333
12_08,mark_final_incWebPA,62.449999999999996
12_09,expgroup,feedback
12_09,psy_safe,4.828571428571428
12_09,tot_mark_noWebPA,64.75
12_09,mark_final_incWebPA,64.6
12_10,expgroup,feedback
12_10,psy_safe,4.885714285714286
12_10,tot_mark_noWebPA,59.416666666666664
12_10,mark_final_incWebPA,51.916666666666664
12_11,expgroup,feedback
12_11,psy_safe,5.531746031746032
12_11,tot_mark_noWebPA,64.45833333333333
12_11,mark_final_incWebPA,67.13333333333334
12_12,expgroup,feedback
12_12,psy_safe,5.514285714285714
12_12,tot_mark_noWebPA,67.0
12_12,mark_final_incWebPA,65.24000000000001
12_32,expgroup,control
12_32,psy_safe,5.8213919413919415
12_32,tot_mark_noWebPA,68.8
12_32,mark_final_incWebPA,69.96000000000001
13_01,expgroup,feedback
13_01,psy_safe,4.690476190476191
13_01,tot_mark_noWebPA,57.375
13_01,mark_final_incWebPA,58.43333333333334
13_02,expgroup,feedback
13_02,psy_safe,5.126984126984127
13_02,tot_mark_noWebPA,59.666666666666664
13_02,mark_final_incWebPA,56.38333333333333
13_03,expgroup,feedback
13_03,psy_safe,5.928571428571428
13_03,tot_mark_noWebPA,61.916666666666664
13_03,mark_final_incWebPA,58.48333333333333
13_04,expgroup,feedback
13_04,psy_safe,4.484126984126983
13_04,tot_mark_noWebPA,61.583333333333336
13_04,mark_final_incWebPA,61.86666666666667
13_05,expgroup,feedback
13_05,psy_safe,5.586507936507936
13_05,tot_mark_noWebPA,63.083333333333336
13_05,mark_final_incWebPA,64.31666666666668
13_06,expgroup,feedback
13_06,psy_safe,5.3619047619047615
13_06,tot_mark_noWebPA,64.8
13_06,mark_final_incWebPA,64.88
13_07,expgroup,feedback
13_07,psy_safe,5.289285714285715
13_07,tot_mark_noWebPA,63.666666666666664
13_07,mark_final_incWebPA,64.15
13_08,expgroup,feedback
13_08,psy_safe,5.339285714285714
13_08,tot_mark_noWebPA,66.33333333333333
13_08,mark_final_incWebPA,62.449999999999996
13_09,expgroup,feedback
13_09,psy_safe,4.828571428571428
13_09,tot_mark_noWebPA,64.75
13_09,mark_final_incWebPA,64.6
13_10,expgroup,feedback
13_10,psy_safe,4.885714285714286
13_10,tot_mark_noWebPA,59.416666666666664
13_10,mark_final_incWebPA,51.916666666666664
13_11,expgroup,feedback
13_11,psy_safe,5.531746031746032
13_11,tot_mark_noWebPA,64.45833333333333
13_11,mark_final_incWebPA,67.13333333333334
13_12,expgroup,feedback
13_12,psy_safe,5.514285714285714
13_12,tot_mark_noWebPA,67.0
13_12,mark_final_incWebPA,65.24000000000001
13_13,expgroup,control
13_13,psy_safe,5.549603174603174
13_13,tot_mark_noWebPA,63.666666666666664
13_13,mark_final_incWebPA,67.9
13_14,expgroup,control
13_14,psy_safe,5.068160597572362
13_14,tot_mark_noWebPA,63.208333333333336
13_14,mark_final_incWebPA,67.08333333333333
13_15,expgroup,control
13_15,psy_safe,6.435714285714286
13_15,tot_mark_noWebPA,66.8
13_15,mark_final_incWebPA,65.62
13_17,expgroup,control
13_17,psy_safe,5.283730158730158
13_17,tot_mark_noWebPA,68.875
13_17,mark_final_incWebPA,70.38333333333333
13_18,expgroup,control
13_18,psy_safe,6.317019400352733
13_18,tot_mark_noWebPA,68.08333333333333
13_18,mark_final_incWebPA,68.65
13_19,expgroup,control
13_19,psy_safe,6.160714285714286
13_19,tot_mark_noWebPA,67.16666666666667
13_19,mark_final_incWebPA,67.81666666666668
13_20,expgroup,control
13_20,psy_safe,5.97310405643739
13_20,tot_mark_noWebPA,64.91666666666667
13_20,mark_final_incWebPA,62.76666666666666
13_21,expgroup,control
13_21,psy_safe,5.991071428571428
13_21,tot_mark_noWebPA,65.6
13_21,mark_final_incWebPA,56.24000000000001
13_22,expgroup,control
13_22,psy_safe,5.821428571428572
13_22,tot_mark_noWebPA,68.375
13_22,mark_final_incWebPA,66.41666666666667
13_23,expgroup,control
13_23,psy_safe,5.660714285714286
13_23,tot_mark_noWebPA,67.33333333333333
13_23,mark_final_incWebPA,68.11666666666667
13_24,expgroup,control
13_24,psy_safe,5.571428571428572
13_24,tot_mark_noWebPA,70.29166666666667
13_24,mark_final_incWebPA,68.36666666666667
13_25,expgroup,control
13_25,psy_safe,5.6
13_25,tot_mark_noWebPA,66.25
13_25,mark_final_incWebPA,65.24
13_26,expgroup,control
13_26,psy_safe,5.833333333333333
13_26,tot_mark_noWebPA,64.83333333333333
13_26,mark_final_incWebPA,64.96666666666667
13_27,expgroup,control
13_27,psy_safe,5.444444444444444
13_27,tot_mark_noWebPA,64.75
13_27,mark_final_incWebPA,66.88333333333334
13_28,expgroup,control
13_28,psy_safe,5.398809523809525
13_28,tot_mark_noWebPA,67.16666666666667
13_28,mark_final_incWebPA,64.64999999999999
13_29,expgroup,control
13_29,psy_safe,5.384920634920635
13_29,tot_mark_noWebPA,63.916666666666664
13_29,mark_final_incWebPA,64.83333333333333
13_30,expgroup,control
13_30,psy_safe,5.83531746031746
13_30,tot_mark_noWebPA,65.25
13_30,mark_final_incWebPA,65.91666666666666
13_31,expgroup,control
13_31,psy_safe,6.130952380952382
13_31,tot_mark_noWebPA,62.25
13_31,mark_final_incWebPA,62.449999999999996
13_32,expgroup,control
13_32,psy_safe,5.8213919413919415
13_32,tot_mark_noWebPA,68.8
13_32,mark_final_incWebPA,69.96000000000001
14_01,expgroup,feedback
14_01,psy_safe,4.690476190476191
14_01,tot_mark_noWebPA,57.375
14_01,mark_final_incWebPA,58.43333333333334
14_03,expgroup,feedback
14_03,psy_safe,5.928571428571428
14_03,tot_mark_noWebPA,61.916666666666664
14_03,mark_final_incWebPA,58.48333333333333
14_05,expgroup,feedback
14_05,psy_safe,5.586507936507936
14_05,tot_mark_noWebPA,63.083333333333336
14_05,mark_final_incWebPA,64.31666666666668
14_08,expgroup,feedback
14_08,psy_safe,5.339285714285714
14_08,tot_mark_noWebPA,66.33333333333333
14_08,mark_final_incWebPA,62.449999999999996
14_09,expgroup,feedback
14_09,psy_safe,4.828571428571428
14_09,tot_mark_noWebPA,64.75
14_09,mark_final_incWebPA,64.6
14_11,expgroup,feedback
14_11,psy_safe,5.531746031746032
14_11,tot_mark_noWebPA,64.45833333333333
14_11,mark_final_incWebPA,67.13333333333334
14_12,expgroup,feedback
14_12,psy_safe,5.514285714285714
14_12,tot_mark_noWebPA,67.0
14_12,mark_final_incWebPA,65.24000000000001
14_13,expgroup,control
14_13,psy_safe,5.549603174603174
14_13,tot_mark_noWebPA,63.666666666666664
14_13,mark_final_incWebPA,67.9
14_14,expgroup,control
14_14,psy_safe,5.068160597572362
14_14,tot_mark_noWebPA,63.208333333333336
14_14,mark_final_incWebPA,67.08333333333333
14_15,expgroup,control
14_15,psy_safe,6.435714285714286
14_15,tot_mark_noWebPA,66.8
14_15,mark_final_incWebPA,65.62
14_16,expgroup,control
14_16,psy_safe,5.735714285714286
14_16,tot_mark_noWebPA,65.3
14_16,mark_final_incWebPA,70.34
14_17,expgroup,control
14_17,psy_safe,5.283730158730158
14_17,tot_mark_noWebPA,68.875
14_17,mark_final_incWebPA,70.38333333333333
14_18,expgroup,control
14_18,psy_safe,6.317019400352733
14_18,tot_mark_noWebPA,68.08333333333333
14_18,mark_final_incWebPA,68.65
14_19,expgroup,control
14_19,psy_safe,6.160714285714286
14_19,tot_mark_noWebPA,67.16666666666667
14_19,mark_final_incWebPA,67.81666666666668
14_20,expgroup,control
14_20,psy_safe,5.97310405643739
14_20,tot_mark_noWebPA,64.91666666666667
14_20,mark_final_incWebPA,62.76666666666666
14_21,expgroup,control
14_21,psy_safe,5.991071428571428
14_21,tot_mark_noWebPA,65.6
14_21,mark_final_incWebPA,56.24000000000001
14_22,expgroup,control
14_22,psy_safe,5.821428571428572
14_22,tot_mark_noWebPA,68.375
14_22,mark_final_incWebPA,66.41666666666667
14_23,expgroup,control
14_23,psy_safe,5.660714285714286
14_23,tot_mark_noWebPA,67.33333333333333
14_23,mark_final_incWebPA,68.11666666666667
14_24,expgroup,control
14_24,psy_safe,5.571428571428572
14_24,tot_mark_noWebPA,70.29166666666667
14_24,mark_final_incWebPA,68.36666666666667
14_25,expgroup,control
14_25,psy_safe,5.6
14_25,tot_mark_noWebPA,66.25
14_25,mark_final_incWebPA,65.24
14_26,expgroup,control
14_26,psy_safe,5.833333333333333
14_26,tot_mark_noWebPA,64.83333333333333
14_26,mark_final_incWebPA,64.96666666666667
14_27,expgroup,control
14_27,psy_safe,5.444444444444444
14_27,tot_mark_noWebPA,64.75
14_27,mark_final_incWebPA,66.88333333333334
14_28,expgroup,control
14_28,psy_safe,5.398809523809525
14_28,tot_mark_noWebPA,67.16666666666667
14_28,mark_final_incWebPA,64.64999999999999
14_30,expgroup,control
14_30,psy_safe,5.83531746031746
14_30,tot_mark_noWebPA,65.25
14_30,mark_final_incWebPA,65.91666666666666
14_31,expgroup,control
14_31,psy_safe,6.130952380952382
14_31,tot_mark_noWebPA,62.25
14_31,mark_final_incWebPA,62.449999999999996
14_32,expgroup,control
14_32,psy_safe,5.8213919413919415
14_32,tot_mark_noWebPA,68.8
14_32,mark_final_incWebPA,69.96000000000001
